注册id,注册静态变量,中文plain本地化,英文plain本地化
neo_mystias_izakaya:beverages/affogato,AFFOGATO,阿芙加朵,Affogato
neo_mystias_izakaya:cuisines/against_the_world,AGAINST_THE_WORLD,逆转天地,AgainstTheWorld
neo_mystias_izakaya:cuisines/agony_oden,AGONY_ODEN,绝叫关东煮,AgonyOden
neo_mystias_izakaya:beverages/akatsuki,AKATSUKI,晓,Akatsuki
neo_mystias_izakaya:cuisines/all_meat_feast,ALL_MEAT_FEAST,全肉盛宴,AllMeatFeast
neo_mystias_izakaya:cuisines/baked_sweet_potato,BAKED_SWEET_POTATO,烤地瓜,BakedSweetPotato
neo_mystias_izakaya:cuisines/bamboo_meat_pot,BAMBOO_MEAT_POT,石锅竹笋炖肉,BambooMeatPot
neo_mystias_izakaya:ingredient/bamboo_shoot,BAMBOO_SHOOT,竹笋,BambooShoot
neo_mystias_izakaya:cuisines/bamboo_spring,BAMBOO_SPRING,翠竹迎春,BambooSpring
neo_mystias_izakaya:cuisines/beef_bowl,BEEF_BOWL,牛肉盖浇饭,BeefBowl
neo_mystias_izakaya:cuisines/beef_wellington,BEEF_WELLINGTON,惠灵顿牛排,BeefWellington
neo_mystias_izakaya:ingredient/bingdi_lotus,BINGDI_LOTUS,并蒂莲,BingdiLotus
neo_mystias_izakaya:cuisines/biscay_biscuits,BISCAY_BISCUITS,比斯开湾饼干,BiscayBiscuits
neo_mystias_izakaya:ingredient/black_salt,BLACK_SALT,黑盐,BlackSalt
neo_mystias_izakaya:beverages/bloody_remy,BLOODY_REMY,猩红恶魔,BloodyRemy
neo_mystias_izakaya:ingredient/boar_meat,BOAR_MEAT,野猪肉,BoarMeat
neo_mystias_izakaya:cuisines/boiled_tofu,BOILED_TOFU,煮豆腐,BoiledTofu
neo_mystias_izakaya:cooker/boiling_pot,BOILING_POT,煮锅,BoilingPot
neo_mystias_izakaya:ingredient/broccoli,BROCCOLI,西兰花,Broccoli
neo_mystias_izakaya:cuisines/buddhas_delight,BUDDHAS_DELIGHT,罗汉上素,BuddhasDelight
neo_mystias_izakaya:cuisines/buddha_jumps_over_the_wall,BUDDHA_JUMPS_OVER_THE_WALL,幻想佛跳墙,BuddhaJumpsOverTheWall
neo_mystias_izakaya:cuisines/burn_out_pudding,BURN_OUT_PUDDING,燃尽布丁,BurnoutPudding
neo_mystias_izakaya:ingredient/butter,BUTTER,黄油,Butter
neo_mystias_izakaya:cuisines/candied_sweet_potato,CANDIED_SWEET_POTATO,拔丝地瓜,CandiedSweetPotato
neo_mystias_izakaya:cuisines/cantonese_char_siu,CANTONESE_CHAR_SIU,蜜汁叉烧,CantoneseCharSiu
neo_mystias_izakaya:cuisines/carved_rose_salad,CARVED_ROSE_SALAD,凉菜雕花,CarvedRoseSalad
neo_mystias_izakaya:beverages/cassia_wine,CASSIA_WINE,冬酿,CassiaWine
neo_mystias_izakaya:cuisines/caution_hellish_spice,CAUTION_HELLISH_SPICE,地狱激辛警告,CAUTIONHellishSpice
neo_mystias_izakaya:cuisines/ceiling_longing_pie,CEILING_LONGING_PIE,仰望天花板派,CeilingLongingPie
neo_mystias_izakaya:ingredient/cheese,CHEESE,芝士,Cheese
neo_mystias_izakaya:cuisines/cheese_omelette,CHEESE_OMELETTE,芝士蛋,CheeseOmelette
neo_mystias_izakaya:ingredient/chestnut,CHESTNUT,板栗,Chestnut
neo_mystias_izakaya:ingredient/chili,CHILI,辣椒,Chili
neo_mystias_izakaya:misc/chrome_ball,CHROME_BALL,土球,ChromeBall
neo_mystias_izakaya:ingredient/cicada_slough,CICADA_SLOUGH,蝉蜕,CicadaSlough
neo_mystias_izakaya:cuisines/classic_steak,CLASSIC_STEAK,黄油牛排,ClassicSteak
neo_mystias_izakaya:beverages/coffee,COFFEE,咖啡,Coffee
neo_mystias_izakaya:ingredient/crab,CRAB,螃蟹,Crab
neo_mystias_izakaya:ingredient/cream,CREAM,奶油,Cream
neo_mystias_izakaya:cuisines/creamy_crab,CREAMY_CRAB,奶油焗蟹,CreamyCrab
neo_mystias_izakaya:cuisines/creamy_vegetable_chowder,CREAMY_VEGETABLE_CHOWDER,奶油炖菜,CreamyVegetableChowder
neo_mystias_izakaya:cuisines/cream_of_mushroom_soup,CREAM_OF_MUSHROOM_SOUP,奶香蘑菇汤,CreamofMushroomSoup
neo_mystias_izakaya:ingredient/creeping_fig,CREEPING_FIG,薜荔,CreepingFig
neo_mystias_izakaya:cuisines/crispy_spirals,CRISPY_SPIRALS,脆旋风,CrispySpirals
neo_mystias_izakaya:cuisines/cubic_kedama_ice_cream,CUBIC_KEDAMA_ICE_CREAM,毛玉三色冰激凌,CubicKedamaIceCream
neo_mystias_izakaya:cuisines/cubic_kedama_volcanic_tofu,CUBIC_KEDAMA_VOLCANIC_TOFU,毛玉熔岩豆腐,CubicKedamaVolcanicTofu
neo_mystias_izakaya:ingredient/cucumber,CUCUMBER,黄瓜,Cucumber
neo_mystias_izakaya:cooker/cutting_board,CUTTING_BOARD,料理台,CuttingBoard
neo_mystias_izakaya:beverages/daiginjo,DAIGINJO,大吟酿,Daiginjo
neo_mystias_izakaya:cuisines/daimyos_feast,DAIMYOS_FEAST,大奢宴,DaimyosFeast
neo_mystias_izakaya:cuisines/dark_matter,DARK_MATTER,黑暗物质,DarkMatter
neo_mystias_izakaya:beverages/dassai,DASSAI,水獭祭,Dassai
neo_mystias_izakaya:beverages/daughter_of_the_sea,DAUGHTER_OF_THE_SEA,海的女儿,DaughteroftheSea
neo_mystias_izakaya:cuisines/deep_fried_shrimp_tempura,DEEP_FRIED_SHRIMP_TEMPURA,炸虾天妇罗,DeepFriedShrimpTempura
neo_mystias_izakaya:cuisines/deep_fried_tofu,DEEP_FRIED_TOFU,油豆腐,DeepFriedTofu
neo_mystias_izakaya:ingredient/dew,DEW,露水,Dew
neo_mystias_izakaya:cuisines/dew_runny_eggs,DEW_RUNNY_EGGS,露水煮蛋,DewRunnyEggs
neo_mystias_izakaya:beverages/divine_wheat,DIVINE_WHEAT,神之麦,DivineWheat
neo_mystias_izakaya:cuisines/dorayaki,DORAYAKI,铜锣烧,Dorayaki
neo_mystias_izakaya:cuisines/dragonsong_peach,DRAGONSONG_PEACH,龙吟桃子,DragonsongPeach
neo_mystias_izakaya:cuisines/dragon_carp,DRAGON_CARP,鱼跃龙门,DragonCarp
neo_mystias_izakaya:beverages/drunken_bard,DRUNKEN_BARD,伶人醉,DrunkenBard
neo_mystias_izakaya:cuisines/drunk_shrimp_in_bamboo,DRUNK_SHRIMP_IN_BAMBOO,竹筒烧醉虾,DrunkShrimpinBamboo
neo_mystias_izakaya:cuisines/dumplings,DUMPLINGS,水饺,Dumplings
neo_mystias_izakaya:cuisines/eel_bowl_with_egg,EEL_BOWL_WITH_EGG,鳗鱼嫩蛋丼,EelBowlwithEgg
neo_mystias_izakaya:cuisines/eggs_benedict,EGGS_BENEDICT,班尼迪克蛋,EggsBenedict
neo_mystias_izakaya:cuisines/eight_trigram_fish_maws,EIGHT_TRIGRAM_FISH_MAWS,太极八卦鱼肚,EightTrigramFishMaws
neo_mystias_izakaya:cuisines/energy_pudding,ENERGY_PUDDING,提神布丁,EnergyPudding
neo_mystias_izakaya:cuisines/energy_skewer,ENERGY_SKEWER,能量串,EnergySkewer
neo_mystias_izakaya:cuisines/faint_dream,FAINT_DREAM,幽梦,FaintDream
neo_mystias_izakaya:beverages/fairy_dew,FAIRY_DEW,妖精雨露,FairyDew
neo_mystias_izakaya:cuisines/falling_blossoms,FALLING_BLOSSOMS,樱落雪,FallingBlossoms
neo_mystias_izakaya:beverages/fire_rats_robe,FIRE_RATS_ROBE,火鼠裘,FireRatsRobe
neo_mystias_izakaya:ingredient/flour,FLOUR,面粉,Flour
neo_mystias_izakaya:ingredient/flower,FLOWER,鲜花,Flower
neo_mystias_izakaya:cuisines/flowing_somen,FLOWING_SOMEN,流水素面,FlowingSomen
neo_mystias_izakaya:cuisines/fresh_tofu,FRESH_TOFU,冷豆腐,FreshTofu
neo_mystias_izakaya:cuisines/fried_cicada_sloughs,FRIED_CICADA_SLOUGHS,香炸蝉蜕,FriedCicadaSloughs
neo_mystias_izakaya:cuisines/fried_lampreys,FRIED_LAMPREYS,炸八目鳗,FriedLampreys
neo_mystias_izakaya:cuisines/fried_pork_cutlet,FRIED_PORK_CUTLET,炸猪肉排,FriedPorkCutlet
neo_mystias_izakaya:beverages/fruity_highball,FRUITY_HIGHBALL,果味HighBall,FruityHighball
neo_mystias_izakaya:beverages/fruity_sour,FRUITY_SOUR,果味Sour,FruitySour
neo_mystias_izakaya:cooker/frying_pan,FRYING_PAN,油锅,FryingPan
neo_mystias_izakaya:cuisines/fujis_lava,FUJIS_LAVA,岩浆,FujisLava
neo_mystias_izakaya:beverages/full_moons_eve,FULL_MOONS_EVE,十四夜,FullMoonsEve
neo_mystias_izakaya:beverages/giant_popsicle,GIANT_POPSICLE,大冰棍儿,GIANTPopsicle
neo_mystias_izakaya:cuisines/giant_tamagoyaki,GIANT_TAMAGOYAKI,巨人玉子烧,GiantTamagoyaki
neo_mystias_izakaya:ingredient/ginkgo_nut,GINKGO_NUT,白果,GinkgoNut
neo_mystias_izakaya:cuisines/gloomy_fruit_pie,GLOOMY_FRUIT_PIE,阴郁水果派,GloomyFruitPie
neo_mystias_izakaya:beverages/godfather,GODFATHER,教父,Godfather
neo_mystias_izakaya:cuisines/golden_crispy_fish_cakes,GOLDEN_CRISPY_FISH_CAKES,黄金酥鱼饼,GoldenCrispyFishCakes
neo_mystias_izakaya:cuisines/golden_ribs_soup,GOLDEN_RIBS_SOUP,白果萝卜排骨汤,GoldenRibsSoup
neo_mystias_izakaya:cuisines/golden_two_shroom_wrap,GOLDEN_TWO_SHROOM_WRAP,香煎双菇肉卷,GoldenTwoShroomWrap
neo_mystias_izakaya:beverages/grapefruit_juice,GRAPEFRUIT_JUICE,红柚果汁,GrapefruitJuice
neo_mystias_izakaya:ingredient/grapes,GRAPES,葡萄,Grapes
neo_mystias_izakaya:beverages/green_tea,GREEN_TEA,绿茶,GreenTea
neo_mystias_izakaya:cooker/grill,GRILL,烤架,Grill
neo_mystias_izakaya:cuisines/grilled_lamprey,GRILLED_LAMPREY,烤八目鳗,GrilledLamprey
neo_mystias_izakaya:cuisines/heart_throbbing_surprise,HEART_THROBBING_SURPRISE,惊吓大冒险,HeartThrobbingSurprise
neo_mystias_izakaya:cuisines/heart_warming_congee,HEART_WARMING_CONGEE,养心粥,HeartwarmingCongee
neo_mystias_izakaya:cuisines/hodgepodge,HODGEPODGE,杂炊,Hodgepodge
neo_mystias_izakaya:cuisines/honeyed_chestnut,HONEYED_CHESTNUT,蜜饯栗子,HoneyedChestnut
neo_mystias_izakaya:cuisines/hot_pepper_soup,HOT_PEPPER_SOUP,胡辣汤,HotPepperSoup
neo_mystias_izakaya:cuisines/hourai_branch,HOURAI_BRANCH,蓬莱玉枝,HouraiBranch
neo_mystias_izakaya:cuisines/hunters_casserole,HUNTERS_CASSEROLE,野味加农,HuntersCasserole
neo_mystias_izakaya:ingredient/iberico_pork,IBERICO_PORK,黑毛猪肉,IbericoPork
neo_mystias_izakaya:beverages/iceberg_kedama_lemonade,ICEBERG_KEDAMA_LEMONADE,冰山毛玉冻柠,IcebergKedamaLemonade
neo_mystias_izakaya:beverages/ice_cream_smoothie,ICE_CREAM_SMOOTHIE,古法奶油冰沙,IceCreamSmoothie
neo_mystias_izakaya:cuisines/imitation_bear_paw,IMITATION_BEAR_PAW,赛熊掌,ImitationBearPaw
neo_mystias_izakaya:cuisines/imitation_shirikodama,IMITATION_SHIRIKODAMA,拟尻子玉,ImitationShirikodama
neo_mystias_izakaya:cuisines/immortal_turkey,IMMORTAL_TURKEY,不死鸟,ImmortalTurkey
neo_mystias_izakaya:cuisines/ino_shika_chou,INO_SHIKA_CHOU,猪鹿蝶,InoShikaChou
neo_mystias_izakaya:cuisines/instantdeath,INSTANT_DEATH,一击必杀,InstantDeath
neo_mystias_izakaya:cuisines/italian_risotto,ITALIAN_RISOTTO,意式烩饭,ItalianRisotto
neo_mystias_izakaya:beverages/jade_dew_tea,JADE_DEW_TEA,玉露茶,JadeDewTea
neo_mystias_izakaya:ingredient/jiguru_berry,JIGURU_BERRY,噗噗呦果,JiguruBerry
neo_mystias_izakaya:cuisines/kabayaki_lampreys,KABAYAKI_LAMPREYS,红烧鳗鱼,KabayakiLampreys
neo_mystias_izakaya:cuisines/kabuto_steamed_cake,KABUTO_STEAMED_CAKE,兜甲蒸糕,KabutoSteamedCake
neo_mystias_izakaya:cuisines/kaguya_hime,KAGUYA_HIME,竹取姬,Kaguyahime
neo_mystias_izakaya:cuisines/kittens_water_play,KITTENS_WATER_PLAY,猫咪戏水,KittensWaterPlay
neo_mystias_izakaya:cuisines/kitten_canele,KITTEN_CANELE,猫咪可露丽,KittenCanele
neo_mystias_izakaya:cuisines/kitten_pizza,KITTEN_PIZZA,猫咪披萨,KittenPizza
neo_mystias_izakaya:beverages/komeiji_ice_cream,KOMEIJI_ICE_CREAM,古明地冰激凌,KomeijiIceCream
neo_mystias_izakaya:ingredient/lamprey,LAMPREY,八目鳗,Lamprey
neo_mystias_izakaya:ingredient/lemon,LEMON,柠檬,Lemon
neo_mystias_izakaya:cuisines/lions_head,LIONS_HEAD,狮子头,LionsHead
neo_mystias_izakaya:cuisines/little_sweet_poison,LITTLE_SWEET_POISON,小小的甜蜜毒药,LittleSweetPoison
neo_mystias_izakaya:cuisines/long_hair_princess,LONG_HAIR_PRINCESS,长发公主,LongHairPrincess
neo_mystias_izakaya:cuisines/lotus_fish_lamps,LOTUS_FISH_LAMPS,荷花鱼米盏,LotusFishLamps
neo_mystias_izakaya:ingredient/lotus_seed,LOTUS_SEED,莲子,LotusSeed
neo_mystias_izakaya:cuisines/lunar_dango,LUNAR_DANGO,月光团子,LunarDango
neo_mystias_izakaya:ingredient/lunar_herb,LUNAR_HERB,月光草,LunarHerb
neo_mystias_izakaya:cuisines/lunar_lover_biscuits,LUNAR_LOVER_BISCUITS,月之恋人,LunarLoverBiscuits
neo_mystias_izakaya:cuisines/mad_hatters_tea_party,MAD_HATTERS_TEA_PARTY,疯帽子茶会,MadHattersTeaParty
neo_mystias_izakaya:beverages/makai_coffee,MAKAI_COFFEE,魔界咖啡,MakaiCoffee
neo_mystias_izakaya:beverages/mango_pomelo_sago,MANGO_POMELO_SAGO,杨枝甘露,MangoPomeloSago
neo_mystias_izakaya:cuisines/mapo_tofu,MAPO_TOFU,麻婆豆腐,MapoTofu
neo_mystias_izakaya:cuisines/miasma_garden,MIASMA_GARDEN,毒瘴花园,MiasmaGarden
neo_mystias_izakaya:beverages/milk,MILK,牛奶,Milk
neo_mystias_izakaya:beverages/mio,MIO,淇,Mio
neo_mystias_izakaya:cuisines/misery_cheese_sticks,MISERY_CHEESE_STICKS,丧气芝士条,MiseryCheeseSticks
neo_mystias_izakaya:cuisines/miso_tofu,MISO_TOFU,豆腐味噌,MisoTofu
neo_mystias_izakaya:cuisines/mochi,MOCHI,麻薯,Mochi
neo_mystias_izakaya:beverages/mojito_sphere,MOJITO_SPHERE,莫吉托爆浆球,MojitoSphere
neo_mystias_izakaya:cuisines/molecular_egg,MOLECULAR_EGG,分子蛋,MolecularEgg
neo_mystias_izakaya:cuisines/moonlight_over_the_lotus_pond,MOONLIGHT_OVER_THE_LOTUS_POND,荷塘月色,MoonlightovertheLotusPond
neo_mystias_izakaya:cuisines/moon_cake,MOON_CAKE,月饼,MoonCake
neo_mystias_izakaya:beverages/moon_rocket,MOON_ROCKET,月面火箭,MoonRocket
neo_mystias_izakaya:cuisines/mushroom_herb_road,MUSHROOM_HERB_ROAD,绿野仙菇,MushroomHerbRoad
neo_mystias_izakaya:cuisines/mushroom_maidens_tip_tap_pot,MUSHROOM_MAIDENS_TIP_TAP_POT,蘑女的舞踏烩,MushroomMaidensTipTapPot
neo_mystias_izakaya:cuisines/natures_beauty,NATURES_BEAUTY,花鸟风月,NaturesBeauty
neo_mystias_izakaya:beverages/negroni,NEGRONI,尼格罗尼,Negroni
neo_mystias_izakaya:cuisines/neko_manma,NEKO_MANMA,猫饭,Nekomanma
neo_mystias_izakaya:cuisines/nigiri_sushi,NIGIRI_SUSHI,手握寿司,NigiriSushi
neo_mystias_izakaya:cuisines/niten_ichiryu,NITEN_ICHIRYU,二天一流,NitenIchiryu
neo_mystias_izakaya:ingredient/octopus,OCTOPUS,章鱼,Octopus
neo_mystias_izakaya:cuisines/oedo_boat_feast,OEDO_BOAT_FEAST,大江户船祭,OedoBoatFeast
neo_mystias_izakaya:cuisines/okonomiyaki,OKONOMIYAKI,大阪烧,Okonomiyaki
neo_mystias_izakaya:ingredient/onion,ONION,洋葱,Onion
neo_mystias_izakaya:beverages/oni_killer,ONI_KILLER,鬼杀,OniKiller
neo_mystias_izakaya:cuisines/ordinary_eat_me_cupcake,ORDINARY_EAT_ME_CUPCAKE,普通小蛋糕,OrdinaryEatMeCupcake
neo_mystias_izakaya:beverages/ordinary_fitness_tea,ORDINARY_FITNESS_TEA,普通健身茶,OrdinaryFitnessTea
neo_mystias_izakaya:cuisines/origin_of_life,ORIGIN_OF_LIFE,生命之源,OriginofLife
neo_mystias_izakaya:cuisines/palace_of_the_han,PALACE_OF_THE_HAN,汉宫藏娇,PalaceoftheHan
neo_mystias_izakaya:cuisines/pancakes_with_syrup,PANCAKES_WITH_SYRUP,热松饼,PancakeswithSyrup
neo_mystias_izakaya:ingredient/peach,PEACH,桃子,Peach
neo_mystias_izakaya:cuisines/peach_braised_pork,PEACH_BRAISED_PORK,蜜桃红烧肉,PeachBraisedPork
neo_mystias_izakaya:cuisines/peach_flower_crystal_roll,PEACH_FLOWER_CRYSTAL_ROLL,桃花琉璃卷,PeachFlowerCrystalRoll
neo_mystias_izakaya:cuisines/peach_shrimp_salad,PEACH_SHRIMP_SALAD,北极甜虾蜜桃色拉,PeachShrimpSalad
neo_mystias_izakaya:cuisines/peach_tapioca,PEACH_TAPIOCA,桃花羹,PeachTapioca
neo_mystias_izakaya:cuisines/peach_yatsuhashi,PEACH_YATSUHASHI,白桃生八桥,PeachYatsuhashi
neo_mystias_izakaya:cuisines/pickles,PICKLES,腌黄瓜,Pickles
neo_mystias_izakaya:ingredient/pine_nut,PINE_NUT,松子,PineNut
neo_mystias_izakaya:cuisines/pine_nut_cake,PINE_NUT_CAKE,松子糕,PineNutCake
neo_mystias_izakaya:cuisines/pink_rice_ball,PINK_RICE_BALL,温暖饭团,PinkRiceBall
neo_mystias_izakaya:cuisines/planet_mars,PLANET_MARS,火星,PlanetMars
neo_mystias_izakaya:ingredient/plum,PLUM,梅子,Plum
neo_mystias_izakaya:cuisines/plum_tea_rice,PLUM_TEA_RICE,梅子茶泡饭,PlumTeaRice
neo_mystias_izakaya:cuisines/pork_bamboo_shoots_stir_fry,PORK_BAMBOO_SHOOTS_STIR_FRY,竹笋炒肉,PorkBambooShootsStirFry
neo_mystias_izakaya:cuisines/pork_bowl,PORK_BOWL,猪肉盖浇饭,PorkBowl
neo_mystias_izakaya:cuisines/pork_mushroom_stir_fry,PORK_MUSHROOM_STIR_FRY,蘑菇肉片,PorkMushroomStirFry
neo_mystias_izakaya:cuisines/pork_rice_ball,PORK_RICE_BALL,炙猪肉饭团,PorkRiceBall
neo_mystias_izakaya:cuisines/pork_stir_fry,PORK_STIR_FRY,炒肉丝,PorkStirFry
neo_mystias_izakaya:cuisines/pork_trout_kebab,PORK_TROUT_KEBAB,猪肉鳟鱼熏,PorkTroutKebab
neo_mystias_izakaya:cuisines/potato_croquettes,POTATO_CROQUETTES,土豆可乐饼,PotatoCroquettes
neo_mystias_izakaya:cuisines/power_soup,POWER_SOUP,力量汤,PowerSoup
neo_mystias_izakaya:ingredient/premium_tuna,PREMIUM_TUNA,极上金枪鱼,PremiumTuna
neo_mystias_izakaya:cuisines/pure_white_lotus,PURE_WHITE_LOTUS,圣白莲子糕,PureWhiteLotus
neo_mystias_izakaya:beverages/qilin,QILIN,麒麟,Qilin
neo_mystias_izakaya:ingredient/radish,RADISH,萝卜,Radish
neo_mystias_izakaya:cuisines/rainbow_pan_fried_pork_buns,RAINBOW_PAN_FRIED_PORK_BUNS,华光玉煎包,RainbowPanfriedPorkBuns
neo_mystias_izakaya:beverages/ramune,RAMUNE,波子汽水,Ramune
neo_mystias_izakaya:cuisines/real_seafood_miso_soup,REAL_SEAFOOD_MISO_SOUP,真海鲜味噌汤,RealSeafoodMisoSoup
neo_mystias_izakaya:ingredient/red_bean,RED_BEAN,红豆,RedBean
neo_mystias_izakaya:cuisines/red_bean_daifuku,RED_BEAN_DAIFUKU,红豆大福,RedBeanDaifuku
neo_mystias_izakaya:ingredient/red_toon,RED_TOON,香椿,RedToon
neo_mystias_izakaya:beverages/ribovitan,RIBOVITAN,气保健,Ribovitan
neo_mystias_izakaya:cuisines/rice_ball,RICE_BALL,饭团,RiceBall
neo_mystias_izakaya:cuisines/rice_powder_meat,RICE_POWDER_MEAT,竹筒粉蒸肉,RicePowderMeat
neo_mystias_izakaya:cuisines/roasted_mushroom,ROASTED_MUSHROOM,烤蘑菇,RoastedMushroom
neo_mystias_izakaya:cuisines/sakura_pudding,SAKURA_PUDDING,樱花布丁,SakuraPudding
neo_mystias_izakaya:ingredient/salmon,SALMON,三文鱼,Salmon
neo_mystias_izakaya:cuisines/salmon_steak,SALMON_STEAK,香煎三文鱼,SalmonSteak
neo_mystias_izakaya:cuisines/salmon_tempura,SALMON_TEMPURA,三文鱼天妇罗,SalmonTempura
neo_mystias_izakaya:beverages/sangetsusei,SANGETSUSEI,日月星,Sangetsusei
neo_mystias_izakaya:cuisines/sashimi_platter,SASHIMI_PLATTER,刺身拼盘,SashimiPlatter
neo_mystias_izakaya:beverages/satellite_ice_coffee,SATELLITE_ICE_COFFEE,卫星冰咖啡,SatelliteIceCoffee
neo_mystias_izakaya:cuisines/scarlet_devil_cake,SCARLET_DEVIL_CAKE,猩红恶魔蛋糕,ScarletDevilCake
neo_mystias_izakaya:beverages/scarlet_mist,SCARLET_MIST,红雾,ScarletMist
neo_mystias_izakaya:beverages/scarlet_tea,SCARLET_TEA,红魔馆红茶,ScarletTea
neo_mystias_izakaya:cuisines/scholars_ginkgo,SCHOLARS_GINKGO,诗礼银杏,ScholarsGinkgo
neo_mystias_izakaya:cuisines/scone,SCONE,司康饼,Scone
neo_mystias_izakaya:cuisines/scrumptious_storm,SCRUMPTIOUS_STORM,幻想风靡,ScrumptiousStorm
neo_mystias_izakaya:cuisines/seafood_miso_soup,SEAFOOD_MISO_SOUP,海鲜味噌汤,SeafoodMisoSoup
neo_mystias_izakaya:ingredient/sea_urchin,SEA_URCHIN,海胆,SeaUrchin
neo_mystias_izakaya:cuisines/sea_urchin_sashimi,SEA_URCHIN_SASHIMI,海胆刺身,SeaUrchinSashimi
neo_mystias_izakaya:cuisines/secret_dried_fish_crisps,SECRET_DRIED_FISH_CRISPS,秘制小鱼干,SecretDriedFishCrisps
neo_mystias_izakaya:cuisines/secret_savory_mushroom_hotpot,SECRET_SAVORY_MUSHROOM_HOTPOT,秘制鲜菌煲,SecretSavoryMushroomHotpot
neo_mystias_izakaya:cuisines/seven_colored_yokan,SEVEN_COLORED_YOKAN,七色羊羹,SevenColoredYokan
neo_mystias_izakaya:cuisines/shirayuki,SHIRAYUKI,白雪,Shirayuki
neo_mystias_izakaya:ingredient/shrimp,SHRIMP,虾,Shrimp
neo_mystias_izakaya:cuisines/shrimp_stuffed_pumpkin,SHRIMP_STUFFED_PUMPKIN,南瓜虾盅,ShrimpStuffedPumpkin
neo_mystias_izakaya:cuisines/sichuan_boiled_fish,SICHUAN_BOILED_FISH,水煮鱼,SichuanBoiledFish
neo_mystias_izakaya:cuisines/smoked_buccaneer,SMOKED_BUCCANEER,海盗熏肉,SmokedBuccaneer
neo_mystias_izakaya:ingredient/snow_fungus,SNOW_FUNGUS,银耳,SnowFungus
neo_mystias_izakaya:beverages/space_beer,SPACE_BEER,太空啤酒,SpaceBeer
neo_mystias_izakaya:beverages/sparrow_sake,SPARROW_SAKE,雀酒,SparrowSake
neo_mystias_izakaya:cuisines/star_lotus_ship,STAR_LOTUS_SHIP,幻想星莲船,StarLotusShip
neo_mystias_izakaya:cuisines/steamed_egg_bamboo_shoots,STEAMED_EGG_BAMBOO_SHOOTS,竹筒蒸蛋,SteamedEggBambooShoots
neo_mystias_izakaya:cooker/steamer,STEAMER,蒸锅,Steamer
neo_mystias_izakaya:ingredient/sticky_rice,STICKY_RICE,糯米,StickyRice
neo_mystias_izakaya:cuisines/stinky_tofu,STINKY_TOFU,臭豆腐,StinkyTofu
neo_mystias_izakaya:ingredient/strong_capsaicin,STRONG_CAPSAICIN,强效辣椒素,StrongCapsaicin
neo_mystias_izakaya:cuisines/supreme_seafood_noodles,SUPREME_SEAFOOD_NOODLES,至尊海鲜面,SupremeSeafoodNoodles
neo_mystias_izakaya:ingredient/sweet_potato,SWEET_POTATO,地瓜,SweetPotato
neo_mystias_izakaya:cuisines/takoyaki,TAKOYAKI,章鱼烧,Takoyaki
neo_mystias_izakaya:cuisines/tangyuan,TANGYUAN,汤圆,Tangyuan
neo_mystias_izakaya:cuisines/tempura_platter,TEMPURA_PLATTER,什锦天妇罗,TempuraPlatter
neo_mystias_izakaya:beverages/tengu_tango,TENGU_TANGO,天狗踊,TenguTango
neo_mystias_izakaya:beverages/this_side_up,THIS_SIDE_UP,天地无用,ThisSideUp
neo_mystias_izakaya:cuisines/tianshis_stewed_mushrooms,TIANSHIS_STEWED_MUSHROOMS,天师板栗焖菇,TianshisStewedMushrooms
neo_mystias_izakaya:ingredient/tofu,TOFU,豆腐,Tofu
neo_mystias_izakaya:cuisines/tofu_stew,TOFU_STEW,豆腐锅,TofuStew
neo_mystias_izakaya:ingredient/tomato,TOMATO,西红柿,Tomato
neo_mystias_izakaya:cuisines/tomato_fries,TOMATO_FRIES,炸番茄条,TomatoFries
neo_mystias_izakaya:cuisines/tonkotsu_ramen,TONKOTSU_RAMEN,豚骨拉面,TonkotsuRamen
neo_mystias_izakaya:cuisines/toon_pancake,TOON_PANCAKE,香椿煎饼,ToonPancake
neo_mystias_izakaya:ingredient/trout,TROUT,鳟鱼,Trout
neo_mystias_izakaya:ingredient/truffle,TRUFFLE,松露,Truffle
neo_mystias_izakaya:ingredient/tuna,TUNA,金枪鱼,Tuna
neo_mystias_izakaya:cuisines/two_flavor_beef_hotpot,TWO_FLAVOR_BEEF_HOTPOT,牛肉鸳鸯火锅,TwoflavorBeefHotpot
neo_mystias_izakaya:ingredient/udumbara,UDUMBARA,幻昙华,Udumbara
neo_mystias_izakaya:cuisines/udumbara_cake,UDUMBARA_CAKE,幻昙花糕,UdumbaraCake
neo_mystias_izakaya:beverages/umeshu,UMESHU,梅酒,Umeshu
neo_mystias_izakaya:cuisines/unconscious_youkai_mousse,UNCONSCIOUS_YOUKAI_MOUSSE,无意识妖怪慕斯,UnconsciousYoukaiMousse
neo_mystias_izakaya:cuisines/unzan_cotton_candy,UNZAN_COTTON_CANDY,云山棉花糖,UnzanCottonCandy
neo_mystias_izakaya:cuisines/urchin_raindrop_cake,URCHIN_RAINDROP_CAKE,海胆信玄饼,UrchinRaindropCake
neo_mystias_izakaya:cuisines/urchin_steamed_egg,URCHIN_STEAMED_EGG,海胆蒸蛋,UrchinSteamedEgg
neo_mystias_izakaya:cuisines/vegetable_salad,VEGETABLE_SALAD,蔬菜专辑,VegetableSalad
neo_mystias_izakaya:ingredient/venison,VENISON,鹿肉,Venison
neo_mystias_izakaya:ingredient/wagyu_beef,WAGYU_BEEF,和牛,WagyuBeef
neo_mystias_izakaya:cuisines/white_deer_unyielding_pine,WHITE_DEER_UNYIELDING_PINE,白鹿贞松,WhiteDeerUnyieldingPine
neo_mystias_izakaya:beverages/wind_priestess,WIND_PRIESTESS,风祝,WindPriestess
neo_mystias_izakaya:cuisines/yashouma_dango,YASHOUMA_DANGO,瘦马团子,YashoumaDango
neo_mystias_izakaya:beverages/zun_beer,ZUN_BEER,超ZUN啤酒,ZUNBeer
